{"_step":4,"epoch":5,"loss":0.002392281749052927,"_wandb":{"runtime":309},"_timestamp":1.7338911941928236e+09,"_runtime":308.9951003}