{"_step":4,"_wandb":{"runtime":153},"epoch":5,"loss":0.008998487330973148,"_timestamp":1.7338881222233484e+09,"_runtime":153.0923338}