{"epoch":5,"loss":0.008381732972338796,"_timestamp":1.7338863928788195e+09,"_runtime":157.5319065,"_step":4,"_wandb":{"runtime":157}}