{"_timestamp":1.7338898662592468e+09,"_runtime":157.3202148,"_step":4,"_wandb":{"runtime":157},"epoch":5,"loss":0.00838637319393456}