{"_wandb":{"runtime":759},"_runtime":130.9738507,"_step":4,"epoch":5,"loss":0.00938650369644165,"_timestamp":1.7338889279362874e+09}