{"epoch":3,"loss":0.03065260234288871,"_wandb":{"runtime":253},"_timestamp":1.733890719371117e+09,"_runtime":253.388086,"_step":2}